,0
GSM2261538,SHH
GSM2261539,Group_3
GSM2261540,Group_4
GSM2261541,Group_4
GSM2261542,Group_4
GSM2261543,SHH
GSM2261544,SHH
GSM2261545,Group_3
GSM2261546,Group_4
GSM2261547,SHH
GSM2261548,WNT
GSM2261549,SHH
GSM2261550,SHH
GSM2261551,WNT
GSM2261552,SHH
GSM2261553,WNT
GSM2261554,Group_3
GSM2261555,Group_3
GSM2261556,Group_4
GSM2261557,Group_4
GSM2261558,Group_4
GSM2261559,Group_3
GSM2261560,Group_3
GSM2261561,Group_3
GSM2261562,Group_4
GSM2261563,Group_4
GSM2261564,Group_4
GSM2261565,Group_3
GSM2261566,Group_3
GSM2261567,SHH
GSM2261568,SHH
GSM2261569,SHH
GSM2261570,SHH
GSM2261571,SHH
GSM2261572,Group_4
GSM2261573,Group_4
GSM2261574,SHH
GSM2261575,Group_4
GSM2261576,Group_4
GSM2261577,Group_3
GSM2261578,Group_4
GSM2261579,Group_4
GSM2261580,WNT
GSM2261581,Group_3
GSM2261582,Group_4
GSM2261583,Group_4
GSM2261584,Group_4
GSM2261585,Group_4
GSM2261586,SHH
GSM2261587,Group_4
GSM2261588,Group_4
GSM2261589,WNT
GSM2261590,Group_3
GSM2261591,WNT
GSM2261592,Group_3
GSM2261593,Group_3
GSM2261594,Group_3
GSM2261595,Group_4
GSM2261596,Group_4
GSM2261597,SHH
GSM2261598,SHH
GSM2261599,Group_4
GSM2261600,SHH
GSM2261601,Group_3
GSM2261602,SHH
GSM2261603,SHH
GSM2261604,Group_3
GSM2261605,Group_3
GSM2261606,Group_4
GSM2261607,G3-G4
GSM2261608,Group_4
GSM2261609,WNT
GSM2261610,Group_4
GSM2261611,Group_4
GSM2261612,Group_3
GSM2261613,Group_3
GSM2261614,SHH
GSM2261615,SHH
GSM2261616,Group_4
GSM2261617,SHH
GSM2261618,Group_4
GSM2261619,SHH
GSM2261620,SHH
GSM2261621,Group_4
GSM2261622,SHH
GSM2261623,Group_4
GSM2261624,Group_3
GSM2261625,Group_3
GSM2261626,Group_4
GSM2261627,Group_4
GSM2261628,Group_3
GSM2261629,SHH
GSM2261630,G3-G4
GSM2261631,Group_4
GSM2261632,Group_4
GSM2261633,SHH
GSM2261634,SHH
GSM2261635,Group_3
GSM2261636,Group_3
GSM2261637,Group_4
GSM2261638,Group_4
GSM2261639,Group_4
GSM2261640,Group_4
GSM2261641,SHH
GSM2261642,Group_3
GSM2261643,Group_3
GSM2261644,SHH
GSM2261645,Group_3
GSM2261646,Group_3
GSM2261647,SHH
GSM2261648,WNT
GSM2261649,Group_3
GSM2261650,SHH
GSM2261651,Group_4
GSM2261652,Group_4
GSM2261653,Group_4
GSM2261654,Group_4
GSM2261655,SHH
GSM2261656,Group_4
GSM2261657,SHH
GSM2261658,SHH
GSM2261659,Group_4
GSM2261660,Group_4
GSM2261661,SHH
GSM2261662,Group_4
GSM2261663,Group_4
GSM2261664,Group_4
GSM2261665,Group_4
GSM2261666,Group_4
GSM2261667,Group_3
GSM2261668,Group_3
GSM2261669,Group_4
GSM2261670,Group_4
GSM2261671,Group_4
GSM2261672,Group_4
GSM2261673,SHH
GSM2261674,SHH
GSM2261675,Group_3
GSM2261676,Group_3
GSM2261677,Group_4
GSM2261678,Group_3
GSM2261679,Group_4
GSM2261680,SHH
GSM2261681,Group_4
GSM2261682,Group_4
GSM2261683,Group_4
GSM2261684,Group_4
GSM2261685,Group_4
GSM2261686,Group_4
GSM2261687,WNT
GSM2261688,Group_4
GSM2261689,SHH
GSM2261690,Group_4
GSM2261691,SHH
GSM2261692,Group_4
GSM2261693,Group_4
GSM2261694,Group_4
GSM2261695,Group_4
GSM2261696,Group_4
GSM2261697,Group_4
GSM2261698,Group_4
GSM2261699,Group_4
GSM2261700,Group_3
GSM2261701,Group_3
GSM2261702,WNT
GSM2261703,Group_4
GSM2261704,Group_4
GSM2261705,Group_4
GSM2261706,WNT
GSM2261707,WNT
GSM2261708,SHH
GSM2261709,SHH
GSM2261710,SHH
GSM2261711,Group_3
GSM2261712,WNT
GSM2261713,WNT
GSM2261714,Group_4
GSM2261715,WNT
GSM2261716,SHH
GSM2261717,WNT
GSM2261718,SHH
GSM2261719,SHH
GSM2261720,Group_3
GSM2261721,Group_4
GSM2261722,Group_3
GSM2261723,Group_4
GSM2261724,Group_4
GSM2261725,SHH
GSM2261726,WNT
GSM2261727,Group_4
GSM2261728,Group_4
GSM2261729,SHH
GSM2261730,Group_4
GSM2261731,Group_4
GSM2261732,Group_3
GSM2261733,Group_4
GSM2261734,Group_3
GSM2261735,SHH
GSM2261736,Group_4
GSM2261737,Group_3
GSM2261738,SHH
GSM2261739,SHH
GSM2261740,Group_4
GSM2261741,WNT
GSM2261742,SHH
GSM2261743,Group_3
GSM2261744,Group_4
GSM2261745,Group_3
GSM2261746,SHH
GSM2261747,SHH
GSM2261748,Group_3
GSM2261749,Group_4
GSM2261750,SHH
GSM2261751,Group_4
GSM2261752,WNT
GSM2261753,SHH
GSM2261754,Group_4
GSM2261755,Group_4
GSM2261756,Group_3
GSM2261757,Group_3
GSM2261758,Group_3
GSM2261759,Group_4
GSM2261760,SHH
GSM2261761,Group_4
GSM2261762,SHH
GSM2261763,Group_3
GSM2261764,Group_4
GSM2261765,SHH
GSM2261766,WNT
GSM2261767,Group_4
GSM2261768,Group_3
GSM2261769,Group_4
GSM2261770,Group_4
GSM2261771,WNT
GSM2261772,Group_4
GSM2261773,Group_4
GSM2261774,Group_4
GSM2261775,SHH
GSM2261776,SHH
GSM2261777,Group_4
GSM2261778,Group_4
GSM2261779,Group_4
GSM2261780,SHH
GSM2261781,Group_4
GSM2261782,SHH
GSM2261783,Group_4
GSM2261784,G3-G4
GSM2261785,Group_4
GSM2261786,Group_4
GSM2261787,Group_4
GSM2261788,Group_4
GSM2261789,Group_4
GSM2261790,Group_4
GSM2261791,SHH
GSM2261792,Group_4
GSM2261793,Group_3
GSM2261794,Group_3
GSM2261795,Group_4
GSM2261796,Group_4
GSM2261797,Group_3
GSM2261798,SHH
GSM2261799,Group_4
GSM2261800,SHH
GSM2261801,SHH
GSM2261802,SHH
GSM2261803,Group_4
GSM2261804,Group_4
GSM2261805,SHH
GSM2261806,Group_4
GSM2261807,SHH
GSM2261808,Group_4
GSM2261809,Group_4
GSM2261810,Group_4
GSM2261811,Group_4
GSM2261812,SHH
GSM2261813,G3-G4
GSM2261814,Group_4
GSM2261815,SHH
GSM2261816,SHH
GSM2261817,SHH
GSM2261818,Group_3
GSM2261819,Group_4
GSM2261820,Group_3
GSM2261821,SHH
GSM2261822,WNT
GSM2261823,SHH
GSM2261824,SHH
GSM2261825,Group_4
GSM2261826,SHH
GSM2261827,Group_4
GSM2261828,SHH
GSM2261829,Group_4
GSM2261830,SHH
GSM2261831,Group_4
GSM2261832,SHH
GSM2261833,Group_4
GSM2261834,SHH
GSM2261835,Group_4
GSM2261836,Group_4
GSM2261837,WNT
GSM2261838,Group_4
GSM2261839,SHH
GSM2261840,Group_3
GSM2261841,Group_3
GSM2261842,SHH
GSM2261843,Group_3
GSM2261844,SHH
GSM2261845,Group_3
GSM2261846,Group_4
GSM2261847,Group_4
GSM2261848,Group_4
GSM2261849,WNT
GSM2261850,G3-G4
GSM2261851,SHH
GSM2261852,G3-G4
GSM2261853,SHH
GSM2261854,Group_4
GSM2261855,Group_3
GSM2261856,SHH
GSM2261857,Group_4
GSM2261858,SHH
GSM2261859,SHH
GSM2261860,SHH
GSM2261861,SHH
GSM2261862,WNT
GSM2261863,Group_3
GSM2261864,Group_4
GSM2261865,Group_4
GSM2261866,SHH
GSM2261867,SHH
GSM2261868,Group_4
GSM2261869,Group_3
GSM2261870,Group_4
GSM2261871,Group_4
GSM2261872,Group_4
GSM2261873,Group_4
GSM2261874,G3-G4
GSM2261875,SHH
GSM2261876,SHH
GSM2261877,SHH
GSM2261878,Group_3
GSM2261879,Group_4
GSM2261880,G3-G4
GSM2261881,Group_3
GSM2261882,Group_3
GSM2261883,Group_3
GSM2261884,G3-G4
GSM2261885,Group_3
GSM2261886,Group_4
GSM2261887,Group_4
GSM2261888,SHH
GSM2261889,SHH
GSM2261890,WNT
GSM2261891,SHH
GSM2261892,Group_4
GSM2261893,SHH
GSM2261894,SHH
GSM2261895,Group_4
GSM2261896,Group_3
GSM2261897,Group_4
GSM2261898,Group_4
GSM2261899,Group_4
GSM2261900,Group_3
GSM2261901,Group_4
GSM2261902,Group_4
GSM2261903,Group_4
GSM2261904,Group_4
GSM2261905,WNT
GSM2261906,Group_4
GSM2261907,SHH
GSM2261908,Group_4
GSM2261909,Group_4
GSM2261910,Group_4
GSM2261911,SHH
GSM2261912,Group_4
GSM2261913,Group_4
GSM2261914,SHH
GSM2261915,SHH
GSM2261916,Group_4
GSM2261917,Group_4
GSM2261918,Group_4
GSM2261919,Group_3
GSM2261920,Group_4
GSM2261921,Group_4
GSM2261922,G3-G4
GSM2261923,Group_4
GSM2261924,Group_4
GSM2261925,Group_4
GSM2261926,Group_3
GSM2261927,Group_3
GSM2261928,Group_4
GSM2261930,WNT
GSM2261933,WNT
GSM2261935,G3-G4
GSM2261937,SHH
GSM2261939,Group_4
GSM2261941,SHH
GSM2261943,Group_3
GSM2261945,Group_4
GSM2261946,SHH
GSM2261949,SHH
GSM2261951,G3-G4
GSM2261953,Group_4
GSM2261954,SHH
GSM2261955,Group_4
GSM2261956,SHH
GSM2261957,Group_4
GSM2261958,WNT
GSM2261959,Group_3
GSM2261960,SHH
GSM2261961,SHH
GSM2261962,Group_4
GSM2261963,Group_4
GSM2261964,Group_4
GSM2261965,SHH
GSM2261966,Group_4
GSM2261967,Group_4
GSM2261968,SHH
GSM2261969,SHH
GSM2261970,SHH
GSM2261971,WNT
GSM2261972,SHH
GSM2261973,WNT
GSM2261974,SHH
GSM2261975,WNT
GSM2261976,Group_4
GSM2261977,Group_4
GSM2261978,Group_3
GSM2261979,SHH
GSM2261980,Group_3
GSM2261981,Group_3
GSM2261982,SHH
GSM2261983,SHH
GSM2261984,SHH
GSM2261985,Group_4
GSM2261986,WNT
GSM2261987,SHH
GSM2261988,Group_4
GSM2261989,Group_4
GSM2261990,WNT
GSM2261991,Group_4
GSM2261992,G3-G4
GSM2261993,SHH
GSM2261994,SHH
GSM2261995,SHH
GSM2261996,Group_4
GSM2261997,SHH
GSM2261998,Group_4
GSM2261999,SHH
GSM2262000,SHH
GSM2262001,Group_4
GSM2262002,WNT
GSM2262003,Group_4
GSM2262004,Group_4
GSM2262005,SHH
GSM2262006,SHH
GSM2262007,Group_4
GSM2262008,SHH
GSM2262009,SHH
GSM2262010,SHH
GSM2262011,SHH
GSM2262012,SHH
GSM2262013,Group_4
GSM2262014,Group_3
GSM2262015,Group_3
GSM2262016,Group_3
GSM2262017,Group_4
GSM2262018,Group_3
GSM2262019,SHH
GSM2262020,Group_4
GSM2262021,Group_3
GSM2262022,Group_3
GSM2262023,Group_4
GSM2262024,WNT
GSM2262025,Group_4
GSM2262026,Group_4
GSM2262027,SHH
GSM2262028,Group_4
GSM2262029,SHH
GSM2262030,Group_4
GSM2262031,Group_4
GSM2262032,Group_3
GSM2262033,Group_4
GSM2262034,Group_4
GSM2262035,Group_4
GSM2262036,Group_3
GSM2262037,SHH
GSM2262038,Group_3
GSM2262039,Group_3
GSM2262040,WNT
GSM2262041,Group_4
GSM2262042,Group_4
GSM2262043,SHH
GSM2262044,Group_4
GSM2262045,SHH
GSM2262046,Group_4
GSM2262047,SHH
GSM2262048,Group_3
GSM2262049,Group_4
GSM2262050,SHH
GSM2262051,Group_4
GSM2262052,SHH
GSM2262053,G3-G4
GSM2262054,SHH
GSM2262055,SHH
GSM2262056,Group_3
GSM2262057,SHH
GSM2262058,Group_3
GSM2262059,Group_4
GSM2262060,Group_4
GSM2262061,Group_4
GSM2262062,SHH
GSM2262063,Group_4
GSM2262064,Group_4
GSM2262065,Group_3
GSM2262066,SHH
GSM2262067,Group_4
GSM2262068,Group_4
GSM2262069,WNT
GSM2262070,Group_3
GSM2262071,WNT
GSM2262072,Group_3
GSM2262073,SHH
GSM2262074,SHH
GSM2262075,Group_3
GSM2262076,SHH
GSM2262077,Group_4
GSM2262078,Group_4
GSM2262079,Group_3
GSM2262080,Group_4
GSM2262081,SHH
GSM2262082,Group_4
GSM2262083,Group_4
GSM2262084,SHH
GSM2262085,SHH
GSM2262086,Group_4
GSM2262087,Group_3
GSM2262088,WNT
GSM2262089,Group_3
GSM2262090,Group_3
GSM2262091,Group_4
GSM2262092,Group_3
GSM2262093,SHH
GSM2262094,Group_4
GSM2262095,WNT
GSM2262096,SHH
GSM2262097,Group_3
GSM2262098,Group_4
GSM2262099,SHH
GSM2262100,SHH
GSM2262101,Group_3
GSM2262102,Group_4
GSM2262103,Group_4
GSM2262104,Group_4
GSM2262105,Group_4
GSM2262106,SHH
GSM2262107,Group_4
GSM2262108,Group_3
GSM2262109,Group_3
GSM2262110,Group_3
GSM2262111,SHH
GSM2262112,Group_3
GSM2262113,WNT
GSM2262114,Group_3
GSM2262115,SHH
GSM2262116,Group_4
GSM2262117,Group_4
GSM2262118,Group_3
GSM2262119,Group_4
GSM2262120,Group_4
GSM2262121,WNT
GSM2262122,Group_4
GSM2262123,Group_4
GSM2262124,Group_4
GSM2262125,Group_3
GSM2262126,Group_4
GSM2262127,Group_4
GSM2262128,SHH
GSM2262129,Group_3
GSM2262130,SHH
GSM2262131,Group_4
GSM2262132,SHH
GSM2262133,Group_3
GSM2262134,Group_3
GSM2262135,SHH
GSM2262136,WNT
GSM2262137,Group_3
GSM2262138,Group_4
GSM2262139,SHH
GSM2262140,Group_3
GSM2262141,Group_3
GSM2262142,SHH
GSM2262143,Group_3
GSM2262144,Group_4
GSM2262145,SHH
GSM2262146,Group_4
GSM2262147,WNT
GSM2262148,Group_4
GSM2262149,Group_4
GSM2262150,Group_3
GSM2262151,SHH
GSM2262152,G3-G4
GSM2262153,Group_3
GSM2262154,WNT
GSM2262155,Group_3
GSM2262156,SHH
GSM2262157,Group_3
GSM2262158,Group_3
GSM2262159,Group_4
GSM2262160,WNT
GSM2262161,Group_4
GSM2262162,Group_4
GSM2262163,Group_4
GSM2262164,Group_4
GSM2262165,SHH
GSM2262166,G3-G4
GSM2262167,SHH
GSM2262168,Group_4
GSM2262169,SHH
GSM2262170,SHH
GSM2262171,WNT
GSM2262172,WNT
GSM2262173,Group_4
GSM2262174,SHH
GSM2262175,G3-G4
GSM2262176,Group_4
GSM2262177,Group_4
GSM2262178,SHH
GSM2262179,Group_4
GSM2262180,Group_4
GSM2262181,SHH
GSM2262182,SHH
GSM2262183,Group_4
GSM2262184,Group_3
GSM2262185,Group_4
GSM2262186,Group_4
GSM2262187,Group_4
GSM2262188,SHH
GSM2262189,SHH
GSM2262190,SHH
GSM2262191,Group_4
GSM2262192,Group_3
GSM2262193,Group_4
GSM2262194,Group_4
GSM2262195,Group_3
GSM2262196,Group_4
GSM2262197,WNT
GSM2262198,SHH
GSM2262199,SHH
GSM2262200,Group_4
GSM2262201,Group_4
GSM2262202,SHH
GSM2262203,Group_4
GSM2262204,Group_3
GSM2262205,Group_3
GSM2262206,SHH
GSM2262207,SHH
GSM2262208,Group_3
GSM2262209,Group_3
GSM2262210,WNT
GSM2262211,Group_4
GSM2262212,WNT
GSM2262213,Group_4
GSM2262214,WNT
GSM2262215,Group_4
GSM2262216,Group_4
GSM2262217,SHH
GSM2262218,SHH
GSM2262219,Group_4
GSM2262220,WNT
GSM2262221,Group_4
GSM2262222,WNT
GSM2262223,WNT
GSM2262224,Group_4
GSM2262225,WNT
GSM2262226,SHH
GSM2262227,Group_4
GSM2262228,Group_4
GSM2262229,Group_3
GSM2262230,WNT
GSM2262231,Group_4
GSM2262232,WNT
GSM2262233,SHH
GSM2262234,SHH
GSM2262235,Group_4
GSM2262236,SHH
GSM2262237,Group_4
GSM2262238,Group_4
GSM2262239,Group_4
GSM2262240,SHH
GSM2262241,Group_4
GSM2262242,Group_4
GSM2262243,Group_4
GSM2262244,SHH
GSM2262245,WNT
GSM2262246,Group_4
GSM2262247,SHH
GSM2262248,SHH
GSM2262249,Group_3
GSM2262250,WNT
GSM2262251,Group_4
GSM2262252,WNT
GSM2262253,G3-G4
GSM2262254,Group_3
GSM2262255,SHH
GSM2262256,Group_4
GSM2262257,WNT
GSM2262258,Group_4
GSM2262259,Group_3
GSM2262260,SHH
GSM2262261,Group_3
GSM2262262,SHH
GSM2262263,Group_3
GSM2262264,Group_4
GSM2262265,Group_4
GSM2262266,Group_4
GSM2262267,WNT
GSM2262268,Group_4
GSM2262269,SHH
GSM2262270,Group_4
GSM2262271,SHH
GSM2262272,SHH
GSM2262273,SHH
GSM2262274,Group_4
GSM2262275,Group_3
GSM2262276,Group_4
GSM2262277,SHH
GSM2262278,SHH
GSM2262279,WNT
GSM2262280,WNT
GSM2262281,WNT
GSM2262282,Group_4
GSM2262283,SHH
GSM2262284,SHH
GSM2262285,SHH
GSM2262286,SHH
GSM2262287,SHH
GSM2262288,SHH
GSM2262289,SHH
GSM2262290,Group_4
GSM2262291,Group_3
GSM2262292,WNT
GSM2262293,Group_4
GSM2262294,Group_3
GSM2262295,SHH
GSM2262296,Group_3
GSM2262297,Group_4
GSM2262298,SHH
GSM2262299,Group_3
GSM2262300,Group_3
GSM2262301,Group_3
GSM2262302,SHH
GSM2262303,Group_4
GSM2262304,WNT
GSM2262305,Group_4
GSM2262306,SHH
GSM2262307,Group_4
GSM2262308,Group_3
GSM2262309,SHH
GSM2262310,SHH
GSM2262311,Group_4
GSM2262312,G3-G4
GSM2262313,Group_4
synth_0_Group_3,synthetic_Group_3
synth_1_Group_3,synthetic_Group_3
synth_2_Group_3,synthetic_Group_3
synth_3_Group_3,synthetic_Group_3
synth_4_Group_3,synthetic_Group_3
synth_5_Group_3,synthetic_Group_3
synth_6_Group_3,synthetic_Group_3
synth_7_Group_3,synthetic_Group_3
synth_8_Group_3,synthetic_Group_3
synth_9_Group_3,synthetic_Group_3
synth_10_Group_3,synthetic_Group_3
synth_11_Group_3,synthetic_Group_3
synth_12_Group_3,synthetic_Group_3
synth_13_Group_3,synthetic_Group_3
synth_14_Group_3,synthetic_Group_3
synth_15_Group_3,synthetic_Group_3
synth_16_Group_3,synthetic_Group_3
synth_17_Group_3,synthetic_Group_3
synth_18_Group_3,synthetic_Group_3
synth_19_Group_3,synthetic_Group_3
synth_20_Group_3,synthetic_Group_3
synth_21_Group_3,synthetic_Group_3
synth_22_Group_3,synthetic_Group_3
synth_23_Group_3,synthetic_Group_3
synth_24_Group_3,synthetic_Group_3
synth_25_Group_3,synthetic_Group_3
synth_26_Group_3,synthetic_Group_3
synth_27_Group_3,synthetic_Group_3
synth_28_Group_3,synthetic_Group_3
synth_29_Group_3,synthetic_Group_3
synth_30_Group_3,synthetic_Group_3
synth_31_Group_3,synthetic_Group_3
synth_32_Group_3,synthetic_Group_3
synth_33_Group_3,synthetic_Group_3
synth_34_Group_3,synthetic_Group_3
synth_35_Group_3,synthetic_Group_3
synth_36_Group_3,synthetic_Group_3
synth_37_Group_3,synthetic_Group_3
synth_38_Group_3,synthetic_Group_3
synth_39_Group_3,synthetic_Group_3
synth_40_Group_3,synthetic_Group_3
synth_41_Group_3,synthetic_Group_3
synth_42_Group_3,synthetic_Group_3
synth_43_Group_3,synthetic_Group_3
synth_44_Group_3,synthetic_Group_3
synth_45_Group_3,synthetic_Group_3
synth_46_Group_3,synthetic_Group_3
synth_47_Group_3,synthetic_Group_3
synth_48_Group_3,synthetic_Group_3
synth_49_Group_3,synthetic_Group_3
synth_50_Group_3,synthetic_Group_3
synth_51_Group_3,synthetic_Group_3
synth_52_Group_3,synthetic_Group_3
synth_53_Group_3,synthetic_Group_3
synth_54_Group_3,synthetic_Group_3
synth_55_Group_3,synthetic_Group_3
synth_56_Group_3,synthetic_Group_3
synth_57_Group_3,synthetic_Group_3
synth_58_Group_3,synthetic_Group_3
synth_59_Group_3,synthetic_Group_3
synth_60_Group_3,synthetic_Group_3
synth_61_Group_3,synthetic_Group_3
synth_62_Group_3,synthetic_Group_3
synth_63_Group_3,synthetic_Group_3
synth_64_Group_3,synthetic_Group_3
synth_65_Group_3,synthetic_Group_3
synth_66_Group_3,synthetic_Group_3
synth_67_Group_3,synthetic_Group_3
synth_68_Group_3,synthetic_Group_3
synth_69_Group_3,synthetic_Group_3
synth_70_Group_3,synthetic_Group_3
synth_71_Group_3,synthetic_Group_3
synth_72_Group_3,synthetic_Group_3
synth_73_Group_3,synthetic_Group_3
synth_74_Group_3,synthetic_Group_3
synth_75_Group_3,synthetic_Group_3
synth_76_Group_3,synthetic_Group_3
synth_77_Group_3,synthetic_Group_3
synth_78_Group_3,synthetic_Group_3
synth_79_Group_3,synthetic_Group_3
synth_80_Group_3,synthetic_Group_3
synth_81_Group_3,synthetic_Group_3
synth_82_Group_3,synthetic_Group_3
synth_83_Group_3,synthetic_Group_3
synth_84_Group_3,synthetic_Group_3
synth_85_Group_3,synthetic_Group_3
synth_86_Group_3,synthetic_Group_3
synth_87_Group_3,synthetic_Group_3
synth_88_Group_3,synthetic_Group_3
synth_89_Group_3,synthetic_Group_3
synth_90_Group_3,synthetic_Group_3
synth_91_Group_3,synthetic_Group_3
synth_92_Group_3,synthetic_Group_3
synth_93_Group_3,synthetic_Group_3
synth_94_Group_3,synthetic_Group_3
synth_95_Group_3,synthetic_Group_3
synth_96_Group_3,synthetic_Group_3
synth_97_Group_3,synthetic_Group_3
synth_98_Group_3,synthetic_Group_3
synth_99_Group_3,synthetic_Group_3
synth_100_Group_3,synthetic_Group_3
synth_101_Group_3,synthetic_Group_3
synth_102_Group_3,synthetic_Group_3
synth_103_Group_3,synthetic_Group_3
synth_104_Group_3,synthetic_Group_3
synth_105_Group_3,synthetic_Group_3
synth_106_Group_3,synthetic_Group_3
synth_107_Group_3,synthetic_Group_3
synth_108_Group_3,synthetic_Group_3
synth_109_Group_3,synthetic_Group_3
synth_110_Group_3,synthetic_Group_3
synth_111_Group_3,synthetic_Group_3
synth_112_Group_3,synthetic_Group_3
synth_113_Group_3,synthetic_Group_3
synth_114_Group_3,synthetic_Group_3
synth_115_Group_3,synthetic_Group_3
synth_116_Group_3,synthetic_Group_3
synth_117_Group_3,synthetic_Group_3
synth_118_Group_3,synthetic_Group_3
synth_119_Group_3,synthetic_Group_3
synth_120_Group_3,synthetic_Group_3
synth_121_Group_3,synthetic_Group_3
synth_122_Group_3,synthetic_Group_3
synth_123_Group_3,synthetic_Group_3
synth_124_Group_3,synthetic_Group_3
synth_125_Group_3,synthetic_Group_3
synth_126_Group_3,synthetic_Group_3
synth_127_Group_3,synthetic_Group_3
synth_128_Group_3,synthetic_Group_3
synth_129_Group_3,synthetic_Group_3
synth_130_Group_3,synthetic_Group_3
synth_131_Group_3,synthetic_Group_3
synth_132_Group_3,synthetic_Group_3
synth_133_Group_3,synthetic_Group_3
synth_134_Group_3,synthetic_Group_3
synth_135_Group_3,synthetic_Group_3
synth_136_Group_3,synthetic_Group_3
synth_137_Group_3,synthetic_Group_3
synth_138_Group_3,synthetic_Group_3
synth_139_Group_3,synthetic_Group_3
synth_140_Group_3,synthetic_Group_3
synth_141_Group_3,synthetic_Group_3
synth_142_Group_3,synthetic_Group_3
synth_143_Group_3,synthetic_Group_3
synth_144_Group_3,synthetic_Group_3
synth_145_Group_3,synthetic_Group_3
synth_146_Group_3,synthetic_Group_3
synth_147_Group_3,synthetic_Group_3
synth_148_Group_3,synthetic_Group_3
synth_149_Group_3,synthetic_Group_3
synth_150_Group_3,synthetic_Group_3
synth_151_Group_3,synthetic_Group_3
synth_152_Group_3,synthetic_Group_3
synth_153_Group_3,synthetic_Group_3
synth_154_Group_3,synthetic_Group_3
synth_155_Group_3,synthetic_Group_3
synth_156_Group_3,synthetic_Group_3
synth_157_Group_3,synthetic_Group_3
synth_158_Group_3,synthetic_Group_3
synth_159_Group_3,synthetic_Group_3
synth_160_Group_3,synthetic_Group_3
synth_161_Group_3,synthetic_Group_3
synth_162_Group_3,synthetic_Group_3
synth_163_Group_3,synthetic_Group_3
synth_164_Group_3,synthetic_Group_3
synth_165_Group_3,synthetic_Group_3
synth_166_Group_3,synthetic_Group_3
synth_167_Group_3,synthetic_Group_3
synth_168_Group_3,synthetic_Group_3
synth_169_Group_3,synthetic_Group_3
synth_170_Group_3,synthetic_Group_3
synth_171_Group_3,synthetic_Group_3
synth_172_Group_3,synthetic_Group_3
synth_173_Group_3,synthetic_Group_3
synth_174_Group_3,synthetic_Group_3
synth_175_Group_3,synthetic_Group_3
synth_176_Group_3,synthetic_Group_3
synth_177_Group_3,synthetic_Group_3
synth_178_Group_3,synthetic_Group_3
synth_179_Group_3,synthetic_Group_3
synth_180_Group_3,synthetic_Group_3
synth_181_Group_3,synthetic_Group_3
synth_182_Group_3,synthetic_Group_3
synth_183_Group_3,synthetic_Group_3
synth_184_Group_3,synthetic_Group_3
synth_185_Group_3,synthetic_Group_3
synth_186_Group_3,synthetic_Group_3
synth_187_Group_3,synthetic_Group_3
synth_188_Group_3,synthetic_Group_3
synth_189_Group_3,synthetic_Group_3
synth_190_Group_3,synthetic_Group_3
synth_191_Group_3,synthetic_Group_3
synth_192_Group_3,synthetic_Group_3
synth_193_Group_3,synthetic_Group_3
synth_194_Group_3,synthetic_Group_3
synth_195_Group_3,synthetic_Group_3
synth_196_Group_3,synthetic_Group_3
synth_197_Group_3,synthetic_Group_3
synth_198_Group_3,synthetic_Group_3
synth_199_Group_3,synthetic_Group_3
synth_0_Group_4,synthetic_Group_4
synth_1_Group_4,synthetic_Group_4
synth_2_Group_4,synthetic_Group_4
synth_3_Group_4,synthetic_Group_4
synth_4_Group_4,synthetic_Group_4
synth_5_Group_4,synthetic_Group_4
synth_6_Group_4,synthetic_Group_4
synth_7_Group_4,synthetic_Group_4
synth_8_Group_4,synthetic_Group_4
synth_9_Group_4,synthetic_Group_4
synth_10_Group_4,synthetic_Group_4
synth_11_Group_4,synthetic_Group_4
synth_12_Group_4,synthetic_Group_4
synth_13_Group_4,synthetic_Group_4
synth_14_Group_4,synthetic_Group_4
synth_15_Group_4,synthetic_Group_4
synth_16_Group_4,synthetic_Group_4
synth_17_Group_4,synthetic_Group_4
synth_18_Group_4,synthetic_Group_4
synth_19_Group_4,synthetic_Group_4
synth_20_Group_4,synthetic_Group_4
synth_21_Group_4,synthetic_Group_4
synth_22_Group_4,synthetic_Group_4
synth_23_Group_4,synthetic_Group_4
synth_24_Group_4,synthetic_Group_4
synth_25_Group_4,synthetic_Group_4
synth_26_Group_4,synthetic_Group_4
synth_27_Group_4,synthetic_Group_4
synth_28_Group_4,synthetic_Group_4
synth_29_Group_4,synthetic_Group_4
synth_30_Group_4,synthetic_Group_4
synth_31_Group_4,synthetic_Group_4
synth_32_Group_4,synthetic_Group_4
synth_33_Group_4,synthetic_Group_4
synth_34_Group_4,synthetic_Group_4
synth_35_Group_4,synthetic_Group_4
synth_36_Group_4,synthetic_Group_4
synth_37_Group_4,synthetic_Group_4
synth_38_Group_4,synthetic_Group_4
synth_39_Group_4,synthetic_Group_4
synth_40_Group_4,synthetic_Group_4
synth_41_Group_4,synthetic_Group_4
synth_42_Group_4,synthetic_Group_4
synth_43_Group_4,synthetic_Group_4
synth_44_Group_4,synthetic_Group_4
synth_45_Group_4,synthetic_Group_4
synth_46_Group_4,synthetic_Group_4
synth_47_Group_4,synthetic_Group_4
synth_48_Group_4,synthetic_Group_4
synth_49_Group_4,synthetic_Group_4
synth_50_Group_4,synthetic_Group_4
synth_51_Group_4,synthetic_Group_4
synth_52_Group_4,synthetic_Group_4
synth_53_Group_4,synthetic_Group_4
synth_54_Group_4,synthetic_Group_4
synth_55_Group_4,synthetic_Group_4
synth_56_Group_4,synthetic_Group_4
synth_57_Group_4,synthetic_Group_4
synth_58_Group_4,synthetic_Group_4
synth_59_Group_4,synthetic_Group_4
synth_60_Group_4,synthetic_Group_4
synth_61_Group_4,synthetic_Group_4
synth_62_Group_4,synthetic_Group_4
synth_63_Group_4,synthetic_Group_4
synth_64_Group_4,synthetic_Group_4
synth_65_Group_4,synthetic_Group_4
synth_66_Group_4,synthetic_Group_4
synth_67_Group_4,synthetic_Group_4
synth_68_Group_4,synthetic_Group_4
synth_69_Group_4,synthetic_Group_4
synth_70_Group_4,synthetic_Group_4
synth_71_Group_4,synthetic_Group_4
synth_72_Group_4,synthetic_Group_4
synth_73_Group_4,synthetic_Group_4
synth_74_Group_4,synthetic_Group_4
synth_75_Group_4,synthetic_Group_4
synth_76_Group_4,synthetic_Group_4
synth_77_Group_4,synthetic_Group_4
synth_78_Group_4,synthetic_Group_4
synth_79_Group_4,synthetic_Group_4
synth_80_Group_4,synthetic_Group_4
synth_81_Group_4,synthetic_Group_4
synth_82_Group_4,synthetic_Group_4
synth_83_Group_4,synthetic_Group_4
synth_84_Group_4,synthetic_Group_4
synth_85_Group_4,synthetic_Group_4
synth_86_Group_4,synthetic_Group_4
synth_87_Group_4,synthetic_Group_4
synth_88_Group_4,synthetic_Group_4
synth_89_Group_4,synthetic_Group_4
synth_90_Group_4,synthetic_Group_4
synth_91_Group_4,synthetic_Group_4
synth_92_Group_4,synthetic_Group_4
synth_93_Group_4,synthetic_Group_4
synth_94_Group_4,synthetic_Group_4
synth_95_Group_4,synthetic_Group_4
synth_96_Group_4,synthetic_Group_4
synth_97_Group_4,synthetic_Group_4
synth_98_Group_4,synthetic_Group_4
synth_99_Group_4,synthetic_Group_4
synth_100_Group_4,synthetic_Group_4
synth_101_Group_4,synthetic_Group_4
synth_102_Group_4,synthetic_Group_4
synth_103_Group_4,synthetic_Group_4
synth_104_Group_4,synthetic_Group_4
synth_105_Group_4,synthetic_Group_4
synth_106_Group_4,synthetic_Group_4
synth_107_Group_4,synthetic_Group_4
synth_108_Group_4,synthetic_Group_4
synth_109_Group_4,synthetic_Group_4
synth_110_Group_4,synthetic_Group_4
synth_111_Group_4,synthetic_Group_4
synth_112_Group_4,synthetic_Group_4
synth_113_Group_4,synthetic_Group_4
synth_114_Group_4,synthetic_Group_4
synth_115_Group_4,synthetic_Group_4
synth_116_Group_4,synthetic_Group_4
synth_117_Group_4,synthetic_Group_4
synth_118_Group_4,synthetic_Group_4
synth_119_Group_4,synthetic_Group_4
synth_120_Group_4,synthetic_Group_4
synth_121_Group_4,synthetic_Group_4
synth_122_Group_4,synthetic_Group_4
synth_123_Group_4,synthetic_Group_4
synth_124_Group_4,synthetic_Group_4
synth_125_Group_4,synthetic_Group_4
synth_126_Group_4,synthetic_Group_4
synth_127_Group_4,synthetic_Group_4
synth_128_Group_4,synthetic_Group_4
synth_129_Group_4,synthetic_Group_4
synth_130_Group_4,synthetic_Group_4
synth_131_Group_4,synthetic_Group_4
synth_132_Group_4,synthetic_Group_4
synth_133_Group_4,synthetic_Group_4
synth_134_Group_4,synthetic_Group_4
synth_135_Group_4,synthetic_Group_4
synth_136_Group_4,synthetic_Group_4
synth_137_Group_4,synthetic_Group_4
synth_138_Group_4,synthetic_Group_4
synth_139_Group_4,synthetic_Group_4
synth_140_Group_4,synthetic_Group_4
synth_141_Group_4,synthetic_Group_4
synth_142_Group_4,synthetic_Group_4
synth_143_Group_4,synthetic_Group_4
synth_144_Group_4,synthetic_Group_4
synth_145_Group_4,synthetic_Group_4
synth_146_Group_4,synthetic_Group_4
synth_147_Group_4,synthetic_Group_4
synth_148_Group_4,synthetic_Group_4
synth_149_Group_4,synthetic_Group_4
synth_150_Group_4,synthetic_Group_4
synth_151_Group_4,synthetic_Group_4
synth_152_Group_4,synthetic_Group_4
synth_153_Group_4,synthetic_Group_4
synth_154_Group_4,synthetic_Group_4
synth_155_Group_4,synthetic_Group_4
synth_156_Group_4,synthetic_Group_4
synth_157_Group_4,synthetic_Group_4
synth_158_Group_4,synthetic_Group_4
synth_159_Group_4,synthetic_Group_4
synth_160_Group_4,synthetic_Group_4
synth_161_Group_4,synthetic_Group_4
synth_162_Group_4,synthetic_Group_4
synth_163_Group_4,synthetic_Group_4
synth_164_Group_4,synthetic_Group_4
synth_165_Group_4,synthetic_Group_4
synth_166_Group_4,synthetic_Group_4
synth_167_Group_4,synthetic_Group_4
synth_168_Group_4,synthetic_Group_4
synth_169_Group_4,synthetic_Group_4
synth_170_Group_4,synthetic_Group_4
synth_171_Group_4,synthetic_Group_4
synth_172_Group_4,synthetic_Group_4
synth_173_Group_4,synthetic_Group_4
synth_174_Group_4,synthetic_Group_4
synth_175_Group_4,synthetic_Group_4
synth_176_Group_4,synthetic_Group_4
synth_177_Group_4,synthetic_Group_4
synth_178_Group_4,synthetic_Group_4
synth_179_Group_4,synthetic_Group_4
synth_180_Group_4,synthetic_Group_4
synth_181_Group_4,synthetic_Group_4
synth_182_Group_4,synthetic_Group_4
synth_183_Group_4,synthetic_Group_4
synth_184_Group_4,synthetic_Group_4
synth_185_Group_4,synthetic_Group_4
synth_186_Group_4,synthetic_Group_4
synth_187_Group_4,synthetic_Group_4
synth_188_Group_4,synthetic_Group_4
synth_189_Group_4,synthetic_Group_4
synth_190_Group_4,synthetic_Group_4
synth_191_Group_4,synthetic_Group_4
synth_192_Group_4,synthetic_Group_4
synth_193_Group_4,synthetic_Group_4
synth_194_Group_4,synthetic_Group_4
synth_195_Group_4,synthetic_Group_4
synth_196_Group_4,synthetic_Group_4
synth_197_Group_4,synthetic_Group_4
synth_198_Group_4,synthetic_Group_4
synth_199_Group_4,synthetic_Group_4
synth_0_G3-G4,synthetic_G3-G4
synth_1_G3-G4,synthetic_G3-G4
synth_2_G3-G4,synthetic_G3-G4
synth_3_G3-G4,synthetic_G3-G4
synth_4_G3-G4,synthetic_G3-G4
synth_5_G3-G4,synthetic_G3-G4
synth_6_G3-G4,synthetic_G3-G4
synth_7_G3-G4,synthetic_G3-G4
synth_8_G3-G4,synthetic_G3-G4
synth_9_G3-G4,synthetic_G3-G4
synth_10_G3-G4,synthetic_G3-G4
synth_11_G3-G4,synthetic_G3-G4
synth_12_G3-G4,synthetic_G3-G4
synth_13_G3-G4,synthetic_G3-G4
synth_14_G3-G4,synthetic_G3-G4
synth_15_G3-G4,synthetic_G3-G4
synth_16_G3-G4,synthetic_G3-G4
synth_17_G3-G4,synthetic_G3-G4
synth_18_G3-G4,synthetic_G3-G4
synth_19_G3-G4,synthetic_G3-G4
synth_20_G3-G4,synthetic_G3-G4
synth_21_G3-G4,synthetic_G3-G4
synth_22_G3-G4,synthetic_G3-G4
synth_23_G3-G4,synthetic_G3-G4
synth_24_G3-G4,synthetic_G3-G4
synth_25_G3-G4,synthetic_G3-G4
synth_26_G3-G4,synthetic_G3-G4
synth_27_G3-G4,synthetic_G3-G4
synth_28_G3-G4,synthetic_G3-G4
synth_29_G3-G4,synthetic_G3-G4
synth_30_G3-G4,synthetic_G3-G4
synth_31_G3-G4,synthetic_G3-G4
synth_32_G3-G4,synthetic_G3-G4
synth_33_G3-G4,synthetic_G3-G4
synth_34_G3-G4,synthetic_G3-G4
synth_35_G3-G4,synthetic_G3-G4
synth_36_G3-G4,synthetic_G3-G4
synth_37_G3-G4,synthetic_G3-G4
synth_38_G3-G4,synthetic_G3-G4
synth_39_G3-G4,synthetic_G3-G4
synth_40_G3-G4,synthetic_G3-G4
synth_41_G3-G4,synthetic_G3-G4
synth_42_G3-G4,synthetic_G3-G4
synth_43_G3-G4,synthetic_G3-G4
synth_44_G3-G4,synthetic_G3-G4
synth_45_G3-G4,synthetic_G3-G4
synth_46_G3-G4,synthetic_G3-G4
synth_47_G3-G4,synthetic_G3-G4
synth_48_G3-G4,synthetic_G3-G4
synth_49_G3-G4,synthetic_G3-G4
synth_50_G3-G4,synthetic_G3-G4
synth_51_G3-G4,synthetic_G3-G4
synth_52_G3-G4,synthetic_G3-G4
synth_53_G3-G4,synthetic_G3-G4
synth_54_G3-G4,synthetic_G3-G4
synth_55_G3-G4,synthetic_G3-G4
synth_56_G3-G4,synthetic_G3-G4
synth_57_G3-G4,synthetic_G3-G4
synth_58_G3-G4,synthetic_G3-G4
synth_59_G3-G4,synthetic_G3-G4
synth_60_G3-G4,synthetic_G3-G4
synth_61_G3-G4,synthetic_G3-G4
synth_62_G3-G4,synthetic_G3-G4
synth_63_G3-G4,synthetic_G3-G4
synth_64_G3-G4,synthetic_G3-G4
synth_65_G3-G4,synthetic_G3-G4
synth_66_G3-G4,synthetic_G3-G4
synth_67_G3-G4,synthetic_G3-G4
synth_68_G3-G4,synthetic_G3-G4
synth_69_G3-G4,synthetic_G3-G4
synth_70_G3-G4,synthetic_G3-G4
synth_71_G3-G4,synthetic_G3-G4
synth_72_G3-G4,synthetic_G3-G4
synth_73_G3-G4,synthetic_G3-G4
synth_74_G3-G4,synthetic_G3-G4
synth_75_G3-G4,synthetic_G3-G4
synth_76_G3-G4,synthetic_G3-G4
synth_77_G3-G4,synthetic_G3-G4
synth_78_G3-G4,synthetic_G3-G4
synth_79_G3-G4,synthetic_G3-G4
synth_80_G3-G4,synthetic_G3-G4
synth_81_G3-G4,synthetic_G3-G4
synth_82_G3-G4,synthetic_G3-G4
synth_83_G3-G4,synthetic_G3-G4
synth_84_G3-G4,synthetic_G3-G4
synth_85_G3-G4,synthetic_G3-G4
synth_86_G3-G4,synthetic_G3-G4
synth_87_G3-G4,synthetic_G3-G4
synth_88_G3-G4,synthetic_G3-G4
synth_89_G3-G4,synthetic_G3-G4
synth_90_G3-G4,synthetic_G3-G4
synth_91_G3-G4,synthetic_G3-G4
synth_92_G3-G4,synthetic_G3-G4
synth_93_G3-G4,synthetic_G3-G4
synth_94_G3-G4,synthetic_G3-G4
synth_95_G3-G4,synthetic_G3-G4
synth_96_G3-G4,synthetic_G3-G4
synth_97_G3-G4,synthetic_G3-G4
synth_98_G3-G4,synthetic_G3-G4
synth_99_G3-G4,synthetic_G3-G4
synth_100_G3-G4,synthetic_G3-G4
synth_101_G3-G4,synthetic_G3-G4
synth_102_G3-G4,synthetic_G3-G4
synth_103_G3-G4,synthetic_G3-G4
synth_104_G3-G4,synthetic_G3-G4
synth_105_G3-G4,synthetic_G3-G4
synth_106_G3-G4,synthetic_G3-G4
synth_107_G3-G4,synthetic_G3-G4
synth_108_G3-G4,synthetic_G3-G4
synth_109_G3-G4,synthetic_G3-G4
synth_110_G3-G4,synthetic_G3-G4
synth_111_G3-G4,synthetic_G3-G4
synth_112_G3-G4,synthetic_G3-G4
synth_113_G3-G4,synthetic_G3-G4
synth_114_G3-G4,synthetic_G3-G4
synth_115_G3-G4,synthetic_G3-G4
synth_116_G3-G4,synthetic_G3-G4
synth_117_G3-G4,synthetic_G3-G4
synth_118_G3-G4,synthetic_G3-G4
synth_119_G3-G4,synthetic_G3-G4
synth_120_G3-G4,synthetic_G3-G4
synth_121_G3-G4,synthetic_G3-G4
synth_122_G3-G4,synthetic_G3-G4
synth_123_G3-G4,synthetic_G3-G4
synth_124_G3-G4,synthetic_G3-G4
synth_125_G3-G4,synthetic_G3-G4
synth_126_G3-G4,synthetic_G3-G4
synth_127_G3-G4,synthetic_G3-G4
synth_128_G3-G4,synthetic_G3-G4
synth_129_G3-G4,synthetic_G3-G4
synth_130_G3-G4,synthetic_G3-G4
synth_131_G3-G4,synthetic_G3-G4
synth_132_G3-G4,synthetic_G3-G4
synth_133_G3-G4,synthetic_G3-G4
synth_134_G3-G4,synthetic_G3-G4
synth_135_G3-G4,synthetic_G3-G4
synth_136_G3-G4,synthetic_G3-G4
synth_137_G3-G4,synthetic_G3-G4
synth_138_G3-G4,synthetic_G3-G4
synth_139_G3-G4,synthetic_G3-G4
synth_140_G3-G4,synthetic_G3-G4
synth_141_G3-G4,synthetic_G3-G4
synth_142_G3-G4,synthetic_G3-G4
synth_143_G3-G4,synthetic_G3-G4
synth_144_G3-G4,synthetic_G3-G4
synth_145_G3-G4,synthetic_G3-G4
synth_146_G3-G4,synthetic_G3-G4
synth_147_G3-G4,synthetic_G3-G4
synth_148_G3-G4,synthetic_G3-G4
synth_149_G3-G4,synthetic_G3-G4
synth_150_G3-G4,synthetic_G3-G4
synth_151_G3-G4,synthetic_G3-G4
synth_152_G3-G4,synthetic_G3-G4
synth_153_G3-G4,synthetic_G3-G4
synth_154_G3-G4,synthetic_G3-G4
synth_155_G3-G4,synthetic_G3-G4
synth_156_G3-G4,synthetic_G3-G4
synth_157_G3-G4,synthetic_G3-G4
synth_158_G3-G4,synthetic_G3-G4
synth_159_G3-G4,synthetic_G3-G4
synth_160_G3-G4,synthetic_G3-G4
synth_161_G3-G4,synthetic_G3-G4
synth_162_G3-G4,synthetic_G3-G4
synth_163_G3-G4,synthetic_G3-G4
synth_164_G3-G4,synthetic_G3-G4
synth_165_G3-G4,synthetic_G3-G4
synth_166_G3-G4,synthetic_G3-G4
synth_167_G3-G4,synthetic_G3-G4
synth_168_G3-G4,synthetic_G3-G4
synth_169_G3-G4,synthetic_G3-G4
synth_170_G3-G4,synthetic_G3-G4
synth_171_G3-G4,synthetic_G3-G4
synth_172_G3-G4,synthetic_G3-G4
synth_173_G3-G4,synthetic_G3-G4
synth_174_G3-G4,synthetic_G3-G4
synth_175_G3-G4,synthetic_G3-G4
synth_176_G3-G4,synthetic_G3-G4
synth_177_G3-G4,synthetic_G3-G4
synth_178_G3-G4,synthetic_G3-G4
synth_179_G3-G4,synthetic_G3-G4
synth_180_G3-G4,synthetic_G3-G4
synth_181_G3-G4,synthetic_G3-G4
synth_182_G3-G4,synthetic_G3-G4
synth_183_G3-G4,synthetic_G3-G4
synth_184_G3-G4,synthetic_G3-G4
synth_185_G3-G4,synthetic_G3-G4
synth_186_G3-G4,synthetic_G3-G4
synth_187_G3-G4,synthetic_G3-G4
synth_188_G3-G4,synthetic_G3-G4
synth_189_G3-G4,synthetic_G3-G4
synth_190_G3-G4,synthetic_G3-G4
synth_191_G3-G4,synthetic_G3-G4
synth_192_G3-G4,synthetic_G3-G4
synth_193_G3-G4,synthetic_G3-G4
synth_194_G3-G4,synthetic_G3-G4
synth_195_G3-G4,synthetic_G3-G4
synth_196_G3-G4,synthetic_G3-G4
synth_197_G3-G4,synthetic_G3-G4
synth_198_G3-G4,synthetic_G3-G4
synth_199_G3-G4,synthetic_G3-G4
